<?xml version="1.0" encoding="UTF-8"?>
	<company>
		<employees>
			<employee>
				<name>Justin</name>
				<surname>Hoover</surname>
				<gender>M</gender>
			</employee>
			<employee>
				<name>Clayton</name>
				<surname>Langley</surname>
				<gender>F</gender>
			</employee>
			<employee>
				<name>Orlando</name>
				<surname>Romero</surname>
				<gender>M</gender>
			</employee>
			<employee>
				<name>Morgan</name>
				<surname>Pacheco</surname>
				<gender>F</gender>
			</employee>
		</employees>
	</company>
